<?xml version="1.0" encoding="UTF-8" ?>
<odoo>
    <data noupdate="0">
        <record id="property_mail_template" model="mail.template">
            <field name="name">Property Template</field>
            <field name="model_id" ref="property_management.model_property_rent_lease_management"/>
            <field name="email_from">{{user.email}}</field>
            <field name="email_to">{{object.tenant_id.email}}</field>
            <field name="subject">Agreement status updated</field>
            <field name="body_html" type="html">
                <div style="margin: 0px; padding: 0px;">
                    <p style="margin: 0px; padding: 0px; font-size: 13px;">
                        Hello,
                        <br/>
                        <br/>
                        Your order <span style="font-weight:bold;" t-out="object.name"></span> amounting
                        in
                        <span t-out="object.tenant_currency_id.symbol"></span>
                        <span style="font-weight:bold;" t-out="object.rent_lease_amount"
                        >
                        </span>
                        has been
                        <p t-if="object.agreement_state == 'confirmed'">Confirmed.</p>
                        <p t-elif="object.agreement_state == 'closed'">Closed.</p>
                        <p t-else="">Expired.</p>
                        <br/>
                        Thank you for your trust!
                    </p>
                </div>
            </field>
        </record>
    </data>
</odoo>