<?xml version="1.0" encoding="UTF-8" ?>
<odoo>
    <data noupdate="1">
        <record id="ir_cron_scheduled_action_mail" model="ir.cron">
            <field name="name">Send Property Emails</field>
            <field name="model_id" ref="model_property_rent_lease_management"/>
            <field name="state">code</field>
            <field name="code">model.action_send_mail()</field>
            <field name="user_id" ref="base.user_root"/>
            <field name="interval_number">1</field>
            <field name="interval_type">days</field>
            <field name="numbercall">-1</field>
            <field name="nextcall" eval="(DateTime.now()+timedelta(days=1)).strftime('%Y-%m-%d 12:00:00')"/>
        </record>
    </data>
</odoo>
