id,name,model_id/id,group_id/id,perm_read,perm_write,perm_create,perm_unlink
access_property_management_manager,property_management.manager,model_property_management_properties,property_management.group_property_manager,1,1,1,1
access_property_management_user,property_management.user,model_property_management_properties,property_management.group_property_user,1,1,0,0
access_property_rent_lease_management_manager,property_rent_lease_management.manager,model_property_rent_lease_management,property_management.group_property_manager,1,1,1,1
access_property_rent_lease_management_user,property_rent_lease_management.user,model_property_rent_lease_management,property_management.group_property_user,1,1,1,0
access_property_tags_manager,property_tag.manager,model_property_management_tags,property_management.group_property_manager,1,1,1,1
access_property_tags_user,property_tag.user,model_property_management_tags,property_management.group_property_user,1,0,0,0
access_property_order_lines_manager,property_order_line.manager,model_property_order_lines,property_management.group_property_manager,1,1,1,1
access_property_order_lines_user,property_order_line.user,model_property_order_lines,property_management.group_property_user,1,1,1,1
access_rent_lease_wizard,rent_lease_wizard,model_rent_lease_wizard,base.group_user,1,1,1,1