<?xml version="1.0" encoding="utf-8"?>
<odoo>
    <data noupdate="1">
        <record model="ir.module.category" id="module_category_property">
            <field name="name">Property Management</field>
            <field name="description">Category for property management</field>
            <field name="sequence">30</field>
        </record>
        <record id="group_property_manager" model="res.groups">
            <field name="name">Manager</field>
            <field name="category_id" ref="module_category_property"/>
        </record>
        <record id="group_property_user" model="res.groups">
            <field name="name">User</field>
            <field name="category_id" ref="module_category_property"/>
        </record>
        <record model="ir.rule" id="rent_lease_management_comp_rule">
            <field name="name">Rent Lease Management multi-company</field>
            <field name="model_id" ref="property_management.model_property_rent_lease_management"/>
            <field name="global" eval="True"/>
            <field name="domain_force">[('company_id', 'in', company_ids + [False])]</field>
        </record>
    </data>
</odoo>

