<?xml version="1.0" encoding="UTF-8" ?>
<odoo>
    <data noupdate="1">
        <record id="property_test1" model="property.management.properties">
            <field name="name">Flat A</field>
            <field name="address_country_id" ref="base.ad"/>
            <field name="rent">25000</field>
            <field name="legal_amount">500000</field>
        </record>
        <record id="property_test2" model="property.management.properties">
            <field name="name">Flat B</field>
            <field name="address_country_id" ref="base.ae"/>
            <field name="rent">15000</field>
            <field name="legal_amount">1000000</field>
        </record>
        <record id="property_test3" model="property.management.properties">
            <field name="name">Flat C</field>
            <field name="address_country_id" ref="base.al"/>
            <field name="rent">35000</field>
            <field name="legal_amount">2000000</field>
        </record>
        <record id="property_test4" model="property.management.properties">
            <field name="name">Flat D</field>
            <field name="address_country_id" ref="base.al"/>
            <field name="rent">37000</field>
            <field name="legal_amount">2400000</field>
        </record>
        <record id="property_test5" model="property.management.properties">
            <field name="name">Flat E</field>
            <field name="address_country_id" ref="base.al"/>
            <field name="rent">35000</field>
            <field name="legal_amount">2000000</field>
        </record>
        <record id="property_test6" model="property.management.properties">
            <field name="name">Flat F</field>
            <field name="address_country_id" ref="base.al"/>
            <field name="rent">65000</field>
            <field name="legal_amount">7000000</field>
        </record>
    </data>
</odoo>